genome_id,species,antibiotic,phenotype,source,label_type,observation_count,y,gene:aac(3)-IId,gene:aac(3)-IIe,gene:aac(3)-VIa,gene:aac(6')-Ib-cr5,gene:aadA1,gene:aadA5,gene:acrF,gene:aph(3'')-Ib,gene:aph(3')-Ia,gene:aph(6)-Id,gene:blaCMY-2,gene:blaCTX-M-15,gene:blaCTX-M-27,gene:blaEC,gene:blaEC-5,gene:blaOXA-1,gene:blaOXA-48,gene:blaSHV-1,gene:blaTEM-1,gene:blaTEM-30,gene:blaTEMp_C32T,gene:blaTEMp_G162T,gene:catA1,gene:catB3,gene:cirA_A415RfsTer32,gene:cirA_D46MfsTer21,gene:cirA_Q56Ter,gene:cirA_V74CfsTer5,gene:cyaA_S352T,gene:dfrA1,gene:dfrA14,gene:dfrA17,gene:dfrA7,gene:dfrA8,gene:emrD,gene:estX/sat2,gene:floR,gene:gyrA_D87G,gene:gyrA_D87N,gene:gyrA_S83L,gene:marR_S3N,gene:mcr-1.1,gene:mdtM,gene:mph(A),gene:mrx(A),gene:nfsA_L43FfsTer4,gene:nfsA_W159Ter,gene:nfsB_K119IfsTer11,gene:ompF_Y253EfsTer3,gene:parC_E84G,gene:parC_E84V,gene:parC_S80I,gene:parE_I355T,gene:parE_I529L,gene:parE_L416F,gene:parE_S458A,gene:ptsI_V25I,gene:qnrB1,gene:qnrS1,gene:sat2,gene:sul1,gene:sul2,gene:tet(A),gene:tet(B),gene:uhpT_E350Q,amr_hit_count,amr_class_count,amr_subclass_count,amr_gene_count,amr_point_mutation_count,homology_group_id,_original_index,split
562.100071,Escherichia coli,ciprofloxacin,susceptible,bvbrc,lab_measured,1,0,0,0,0,0,0,0,0,1,0,1,0,0,0,0,0,0,0,0,1,0,0,0,0,0,0,0,0,0,0,0,0,0,0,0,0,0,0,0,0,0,0,0,0,0,0,0,0,0,0,0,0,0,0,0,0,0,0,0,0,0,0,1,0,0,0,4,3,3,4,0,cgmlst_hc100:3091,0,train
562.100759,Escherichia coli,ciprofloxacin,susceptible,bvbrc,lab_measured,1,0,0,0,0,0,1,0,1,0,0,0,0,0,0,1,0,0,0,0,0,1,0,0,1,0,0,0,0,0,0,1,0,0,0,0,1,0,0,0,0,0,0,0,0,0,0,0,0,0,0,0,0,0,0,0,0,0,0,0,0,1,1,0,0,0,0,9,7,7,9,0,cgmlst_hc100:1169,1,calibration
562.140852,Escherichia coli,ciprofloxacin,resistant,bvbrc,lab_measured,1,1,0,0,0,0,0,0,1,1,0,1,0,0,1,1,0,0,0,0,0,0,0,0,0,0,0,0,0,0,0,0,0,0,0,0,1,0,0,0,1,1,0,0,1,0,0,1,0,1,0,0,1,1,0,1,0,0,1,0,0,0,0,1,1,0,1,18,8,9,18,9,cgmlst_hc100:18,2,train
562.145013,Escherichia coli,ciprofloxacin,susceptible,bvbrc,lab_measured,1,0,0,0,0,0,1,0,1,0,0,0,0,0,0,1,0,0,0,0,0,0,0,0,0,0,0,0,0,0,0,0,0,0,0,0,0,0,0,0,0,0,0,0,1,0,0,0,0,0,0,0,0,0,0,0,0,0,0,0,0,1,0,0,0,0,0,5,4,4,5,0,cgmlst_hc100:46111,3,calibration
562.145047,Escherichia coli,ciprofloxacin,susceptible,bvbrc,lab_measured,1,0,0,0,0,0,0,0,1,0,0,0,0,0,0,1,0,0,0,0,0,0,0,0,0,0,1,0,0,0,0,0,0,0,0,0,0,0,0,0,0,0,0,0,1,0,0,0,0,0,0,0,0,0,0,0,0,0,0,0,0,0,0,0,0,0,0,4,2,3,4,1,cgmlst_hc100:46139,4,train
562.145404,Escherichia coli,ciprofloxacin,susceptible,bvbrc,lab_measured,1,0,0,0,1,0,1,0,1,0,0,0,1,0,0,1,0,0,0,0,0,0,0,0,0,0,0,1,0,0,0,0,1,0,0,0,0,0,0,0,0,1,0,0,1,0,0,0,0,0,0,0,0,0,0,0,0,0,0,0,0,0,1,1,1,0,0,12,7,10,12,2,cgmlst_hc100:5777,5,train
562.23045,Escherichia coli,ciprofloxacin,susceptible,bvbrc,lab_measured,1,0,0,0,0,0,0,0,1,0,0,0,0,0,0,1,0,0,0,0,0,0,0,0,0,0,0,0,0,0,0,0,0,0,0,0,1,0,0,0,0,0,1,0,0,0,0,0,0,0,0,0,0,0,0,0,0,0,0,0,0,0,0,0,0,1,0,5,4,4,5,1,cgmlst_hc100:3587,6,train
562.23124,Escherichia coli,ciprofloxacin,susceptible,bvbrc,lab_measured,1,0,0,0,0,0,0,0,1,0,0,0,0,0,0,1,0,0,0,0,0,0,0,0,0,0,0,0,0,0,0,0,0,0,0,0,1,0,0,0,0,0,0,0,0,0,0,0,0,0,0,0,0,0,0,0,0,0,0,0,0,0,0,0,0,0,0,3,2,2,3,0,cgmlst_hc100:4842,7,train
562.23248,Escherichia coli,ciprofloxacin,resistant,bvbrc,lab_measured,1,1,0,0,0,0,0,1,1,0,0,0,0,0,0,1,0,0,0,0,0,0,0,0,0,0,0,0,0,0,0,0,0,1,0,0,1,0,0,0,1,1,0,0,1,1,1,0,0,0,0,0,1,1,0,1,0,0,1,0,0,0,1,0,0,1,1,17,9,9,17,7,cgmlst_hc100:18,8,train
562.23367,Escherichia coli,ciprofloxacin,resistant,bvbrc,lab_measured,1,1,1,0,0,0,1,1,1,1,1,1,0,0,0,1,0,0,0,0,1,0,0,0,1,0,0,0,0,0,1,0,0,1,0,0,1,1,0,0,1,1,0,0,1,1,1,0,0,0,0,1,0,1,1,0,0,0,0,0,0,0,1,1,0,1,1,26,12,14,26,7,cgmlst_hc100:341,9,calibration
562.23787,Escherichia coli,ciprofloxacin,susceptible,bvbrc,lab_measured,1,0,0,0,0,0,0,0,1,0,0,0,0,0,0,1,0,0,0,0,0,0,0,0,0,0,0,0,0,0,0,0,0,0,0,0,0,0,0,0,0,0,0,0,1,0,0,0,0,0,0,0,0,0,0,0,0,0,0,0,0,0,0,0,0,0,0,3,2,2,3,0,cgmlst_hc100:1209,10,train
562.23793,Escherichia coli,ciprofloxacin,susceptible,bvbrc,lab_measured,1,0,0,0,0,0,0,1,1,0,0,0,0,0,0,1,0,0,0,0,1,0,0,1,0,0,0,0,0,0,0,0,0,1,0,0,1,0,0,0,0,1,0,0,1,1,1,0,0,0,0,0,0,0,0,1,0,0,1,0,0,0,1,0,0,0,1,15,8,9,15,5,cgmlst_hc100:18,11,train
562.42674,Escherichia coli,ciprofloxacin,susceptible,bvbrc,lab_measured,1,0,0,0,0,0,0,0,1,0,0,0,1,0,0,1,0,0,0,0,0,0,0,0,0,0,0,0,0,0,0,0,0,0,0,0,0,0,0,0,0,0,0,0,1,0,0,0,0,0,0,0,0,0,0,0,0,0,0,0,0,0,0,0,0,0,1,5,3,4,5,1,cgmlst_hc100:2938,12,calibration
562.42768,Escherichia coli,ciprofloxacin,resistant,bvbrc,lab_measured,1,1,0,1,0,1,0,1,1,1,0,0,0,1,0,1,0,1,0,0,1,0,0,1,0,1,0,0,0,0,0,0,0,1,0,0,1,0,0,0,1,1,0,0,1,1,1,0,0,0,0,0,1,1,0,1,0,0,1,0,0,0,1,1,1,0,1,26,11,14,26,8,cgmlst_hc100:18,13,train
562.42845,Escherichia coli,ciprofloxacin,susceptible,bvbrc,lab_measured,1,0,0,0,0,0,0,0,1,0,0,0,0,0,0,1,0,0,0,0,0,0,0,0,0,0,0,0,0,0,0,0,0,0,0,0,1,0,0,0,0,0,0,0,0,0,0,0,0,0,0,0,0,0,0,0,0,0,0,0,0,0,0,0,0,0,0,3,2,2,3,0,cgmlst_hc100:1340,14,train
562.45593,Escherichia coli,ciprofloxacin,resistant,bvbrc,lab_measured,1,1,0,0,0,0,1,0,1,1,1,1,0,0,0,1,0,0,0,0,1,0,0,0,0,0,0,0,0,0,0,1,0,0,0,0,0,0,1,0,1,1,0,0,1,0,0,0,0,0,0,0,0,1,0,0,0,0,0,0,1,0,0,0,1,0,0,15,7,8,15,3,cgmlst_hc100:35,15,test
562.45652,Escherichia coli,ciprofloxacin,resistant,bvbrc,lab_measured,1,1,0,0,0,0,0,0,1,1,0,1,0,0,0,1,0,0,0,0,0,0,0,0,0,0,0,0,0,0,0,0,0,0,0,0,0,0,0,1,0,1,0,1,1,0,0,0,1,0,0,0,0,1,0,0,0,0,0,0,0,0,0,0,1,0,0,11,8,8,11,4,cgmlst_hc100:3274,16,test
562.50297,Escherichia coli,ciprofloxacin,resistant,bvbrc,lab_measured,1,1,0,0,0,0,0,0,1,1,0,1,0,1,0,1,0,0,0,0,1,0,1,0,0,0,0,0,0,0,0,0,0,0,0,1,1,0,0,0,1,1,0,0,1,0,0,0,0,0,0,0,1,1,0,1,0,0,1,0,0,0,0,1,0,1,1,19,8,10,19,8,cgmlst_hc100:18,17,train
562.57480,Escherichia coli,ciprofloxacin,resistant,bvbrc,lab_measured,1,1,0,0,0,1,0,0,1,1,0,1,0,1,0,1,0,1,0,0,1,0,0,0,0,1,0,0,0,0,1,0,1,0,0,0,1,0,1,0,1,1,0,0,0,0,0,0,0,0,1,0,0,1,0,0,0,1,0,1,0,0,0,1,1,1,0,22,10,13,22,6,cgmlst_hc100:99,18,train
562.7727,Escherichia coli,ciprofloxacin,susceptible,bvbrc,lab_measured,2,0,0,0,0,0,0,0,1,1,0,1,0,0,0,1,0,0,0,0,1,0,0,0,0,0,0,0,0,0,0,0,0,0,0,1,0,0,0,0,0,0,0,0,1,0,0,0,0,0,0,0,0,0,0,0,0,0,0,0,0,0,0,1,1,0,0,9,6,6,9,0,cgmlst_hc100:46216,19,test
562.7752,Escherichia coli,ciprofloxacin,susceptible,bvbrc,lab_measured,1,0,0,0,0,0,0,0,1,1,0,1,0,0,0,1,0,0,0,0,1,0,0,0,0,0,0,0,0,0,0,0,0,0,1,0,1,0,0,0,0,0,0,0,0,0,0,0,0,0,0,0,0,0,0,0,0,0,0,0,0,0,1,1,1,0,0,10,6,6,10,0,cgmlst_hc100:46256,20,train
562.7779,Escherichia coli,ciprofloxacin,susceptible,bvbrc,lab_measured,2,0,0,0,0,0,0,0,1,1,0,1,0,0,0,1,0,0,0,0,0,0,0,0,0,0,0,0,0,0,0,0,1,0,0,0,0,0,0,0,0,0,0,0,1,0,0,0,0,0,0,0,0,0,0,0,0,0,0,0,0,0,0,1,0,0,0,7,5,5,7,0,cgmlst_hc100:47766,21,test
562.96636,Escherichia coli,ciprofloxacin,susceptible,bvbrc,lab_measured,1,0,0,0,0,0,0,0,1,0,0,0,0,0,0,1,0,0,0,0,1,0,0,0,0,0,0,0,0,1,1,0,0,0,0,0,1,0,0,0,0,0,0,0,0,0,0,0,0,0,0,0,0,0,0,0,0,0,0,0,0,0,0,0,0,0,1,7,4,5,7,3,cgmlst_hc100:4843,22,train
562.97209,Escherichia coli,ciprofloxacin,susceptible,bvbrc,lab_measured,1,0,0,0,0,0,0,0,1,0,0,0,0,0,0,1,0,0,0,0,0,0,0,0,0,0,0,0,0,0,1,0,0,0,0,0,1,0,0,0,0,0,0,0,1,0,0,0,0,0,0,0,0,0,0,0,0,0,0,0,0,0,0,0,0,0,0,5,3,3,5,1,cgmlst_hc100:36214,23,train
562.97259,Escherichia coli,ciprofloxacin,resistant,bvbrc,lab_measured,1,1,0,0,0,0,0,0,1,0,0,0,0,1,0,1,0,0,0,0,0,0,0,0,0,0,0,0,0,0,0,0,1,0,0,0,0,0,0,0,1,1,0,0,1,1,1,0,0,0,0,0,0,1,0,0,1,0,0,0,0,0,0,0,0,1,0,12,6,7,12,4,cgmlst_hc100:8914,24,train
562.98666,Escherichia coli,ciprofloxacin,susceptible,bvbrc,lab_measured,1,0,0,0,0,0,0,1,1,1,0,1,0,0,0,1,0,0,0,0,1,0,0,0,0,0,0,0,0,0,1,0,0,1,0,0,1,0,0,0,0,0,0,0,1,0,0,0,0,0,0,0,0,0,0,0,0,0,0,0,0,0,1,1,0,0,0,12,6,6,12,1,cgmlst_hc100:10,25,test
562.98767,Escherichia coli,ciprofloxacin,susceptible,bvbrc,lab_measured,1,0,0,0,0,0,0,0,1,0,0,0,0,0,0,1,0,0,0,0,0,0,0,0,0,0,0,0,1,0,1,0,0,0,0,0,1,0,0,0,0,0,0,0,1,0,0,0,0,0,0,0,0,0,1,0,0,0,0,0,0,0,0,0,1,0,1,9,6,7,9,4,cgmlst_hc100:3345,26,train
562.99359,Escherichia coli,ciprofloxacin,susceptible,bvbrc,lab_measured,1,0,0,0,0,0,1,0,1,1,0,1,0,0,0,0,1,0,0,0,1,0,0,0,0,0,0,0,0,0,0,1,0,0,0,0,1,0,0,0,0,1,1,0,0,0,0,0,0,0,0,0,0,0,0,0,0,0,0,0,0,0,1,1,0,0,1,13,8,9,13,3,cgmlst_hc100:103,27,calibration
