genome_id,species,antibiotic,probability_resistant,confidence,prediction,no_call,out_of_distribution,prediction_before_target_gate,target_status,target_gate_reason,evidence_category,safety_warning
562.100071,Escherichia coli,ampicillin,0.6902908136463446,0.6902908136463446,no-call,True,False,no-call,present,Model evidence was not strong enough.,known resistance gene or DNA change detected,Research prototype only. Confirm with standard laboratory testing.
562.100418,Escherichia coli,ampicillin,0.4506676344503487,0.5493323655496514,no-call,True,False,no-call,present,Model evidence was not strong enough.,known resistance gene or DNA change detected,Research prototype only. Confirm with standard laboratory testing.
562.100759,Escherichia coli,ampicillin,0.6162351824817792,0.6162351824817792,no-call,True,False,no-call,present,Model evidence was not strong enough.,known resistance gene or DNA change detected,Research prototype only. Confirm with standard laboratory testing.
562.140852,Escherichia coli,ampicillin,0.8637464167611074,0.8637464167611074,likely to fail,False,False,likely to fail,present,Target compatibility verified.,known resistance gene or DNA change detected,Research prototype only. Confirm with standard laboratory testing.
562.144308,Escherichia coli,ampicillin,0.8774179617297098,0.8774179617297098,likely to fail,False,False,likely to fail,present,Target compatibility verified.,known resistance gene or DNA change detected,Research prototype only. Confirm with standard laboratory testing.
562.145013,Escherichia coli,ampicillin,0.42026887301958843,0.5797311269804115,no-call,True,False,no-call,present,Model evidence was not strong enough.,known resistance gene or DNA change detected,Research prototype only. Confirm with standard laboratory testing.
562.145047,Escherichia coli,ampicillin,0.39340076693370635,0.6065992330662937,no-call,True,False,no-call,present,Model evidence was not strong enough.,known resistance gene or DNA change detected,Research prototype only. Confirm with standard laboratory testing.
562.145404,Escherichia coli,ampicillin,0.6880926403541477,0.6880926403541477,no-call,True,False,no-call,present,Model evidence was not strong enough.,known resistance gene or DNA change detected,Research prototype only. Confirm with standard laboratory testing.
562.23045,Escherichia coli,ampicillin,0.4441934243250468,0.5558065756749532,no-call,True,False,no-call,present,Model evidence was not strong enough.,known resistance gene or DNA change detected,Research prototype only. Confirm with standard laboratory testing.
562.23124,Escherichia coli,ampicillin,0.4286157411059772,0.5713842588940228,no-call,True,False,no-call,present,Model evidence was not strong enough.,known resistance gene or DNA change detected,Research prototype only. Confirm with standard laboratory testing.
562.23248,Escherichia coli,ampicillin,0.7879581579744337,0.7879581579744337,likely to fail,False,False,likely to fail,present,Target compatibility verified.,known resistance gene or DNA change detected,Research prototype only. Confirm with standard laboratory testing.
562.23367,Escherichia coli,ampicillin,0.9784143888031379,0.9784143888031379,likely to fail,False,False,likely to fail,present,Target compatibility verified.,known resistance gene or DNA change detected,Research prototype only. Confirm with standard laboratory testing.
562.23787,Escherichia coli,ampicillin,0.3909561468461314,0.6090438531538687,no-call,True,False,no-call,present,Model evidence was not strong enough.,known resistance gene or DNA change detected,Research prototype only. Confirm with standard laboratory testing.
562.23793,Escherichia coli,ampicillin,0.7918994471913813,0.7918994471913813,likely to fail,False,False,likely to fail,present,Target compatibility verified.,known resistance gene or DNA change detected,Research prototype only. Confirm with standard laboratory testing.
562.42674,Escherichia coli,ampicillin,0.432525475274976,0.567474524725024,no-call,True,False,no-call,present,Model evidence was not strong enough.,known resistance gene or DNA change detected,Research prototype only. Confirm with standard laboratory testing.
562.42768,Escherichia coli,ampicillin,0.975022450974404,0.975022450974404,likely to fail,False,False,likely to fail,present,Target compatibility verified.,known resistance gene or DNA change detected,Research prototype only. Confirm with standard laboratory testing.
562.42845,Escherichia coli,ampicillin,0.4286157411059772,0.5713842588940228,no-call,True,False,no-call,present,Model evidence was not strong enough.,known resistance gene or DNA change detected,Research prototype only. Confirm with standard laboratory testing.
562.45593,Escherichia coli,ampicillin,0.8775830180513167,0.8775830180513167,likely to fail,False,False,likely to fail,present,Target compatibility verified.,known resistance gene or DNA change detected,Research prototype only. Confirm with standard laboratory testing.
562.45652,Escherichia coli,ampicillin,0.49697829251327114,0.5030217074867289,no-call,True,False,no-call,present,Model evidence was not strong enough.,known resistance gene or DNA change detected,Research prototype only. Confirm with standard laboratory testing.
562.50297,Escherichia coli,ampicillin,0.9167564671197915,0.9167564671197915,likely to fail,False,False,likely to fail,present,Target compatibility verified.,known resistance gene or DNA change detected,Research prototype only. Confirm with standard laboratory testing.
562.57480,Escherichia coli,ampicillin,0.9599291861813134,0.9599291861813134,likely to fail,False,False,likely to fail,present,Target compatibility verified.,known resistance gene or DNA change detected,Research prototype only. Confirm with standard laboratory testing.
562.7727,Escherichia coli,ampicillin,0.7726440525899776,0.7726440525899776,likely to fail,False,False,likely to fail,present,Target compatibility verified.,known resistance gene or DNA change detected,Research prototype only. Confirm with standard laboratory testing.
562.7752,Escherichia coli,ampicillin,0.8489214305563575,0.8489214305563575,likely to fail,False,False,likely to fail,present,Target compatibility verified.,known resistance gene or DNA change detected,Research prototype only. Confirm with standard laboratory testing.
562.7779,Escherichia coli,ampicillin,0.6563614745010856,0.6563614745010856,no-call,True,False,no-call,present,Model evidence was not strong enough.,known resistance gene or DNA change detected,Research prototype only. Confirm with standard laboratory testing.
562.96636,Escherichia coli,ampicillin,0.543086111856597,0.543086111856597,no-call,True,False,no-call,present,Model evidence was not strong enough.,known resistance gene or DNA change detected,Research prototype only. Confirm with standard laboratory testing.
562.97209,Escherichia coli,ampicillin,0.4518188460320589,0.5481811539679411,no-call,True,False,no-call,present,Model evidence was not strong enough.,known resistance gene or DNA change detected,Research prototype only. Confirm with standard laboratory testing.
562.97259,Escherichia coli,ampicillin,0.6576321902267777,0.6576321902267777,no-call,True,False,no-call,present,Model evidence was not strong enough.,known resistance gene or DNA change detected,Research prototype only. Confirm with standard laboratory testing.
562.98666,Escherichia coli,ampicillin,0.884899497268278,0.884899497268278,likely to fail,False,False,likely to fail,present,Target compatibility verified.,known resistance gene or DNA change detected,Research prototype only. Confirm with standard laboratory testing.
562.98767,Escherichia coli,ampicillin,0.4605597652108697,0.5394402347891303,no-call,True,False,no-call,present,Model evidence was not strong enough.,known resistance gene or DNA change detected,Research prototype only. Confirm with standard laboratory testing.
562.99359,Escherichia coli,ampicillin,0.8532692026555045,0.8532692026555045,likely to fail,False,False,likely to fail,present,Target compatibility verified.,known resistance gene or DNA change detected,Research prototype only. Confirm with standard laboratory testing.
562.100071,Escherichia coli,ceftriaxone,0.8934062633409993,0.8934062633409993,likely to fail,False,False,likely to fail,present,Target compatibility verified.,known resistance gene or DNA change detected,Research prototype only. Confirm with standard laboratory testing.
562.100418,Escherichia coli,ceftriaxone,0.8751430669307748,0.8751430669307748,likely to fail,False,False,likely to fail,present,Target compatibility verified.,known resistance gene or DNA change detected,Research prototype only. Confirm with standard laboratory testing.
562.100759,Escherichia coli,ceftriaxone,0.18007569081062114,0.8199243091893789,likely to work,False,False,likely to work,present,Target compatibility verified.,known resistance gene or DNA change detected,Research prototype only. Confirm with standard laboratory testing.
562.140852,Escherichia coli,ceftriaxone,0.0016203764606953822,0.9983796235393047,likely to work,False,False,likely to work,present,Target compatibility verified.,known resistance gene or DNA change detected,Research prototype only. Confirm with standard laboratory testing.
562.144308,Escherichia coli,ceftriaxone,0.1462196592827645,0.8537803407172355,likely to work,False,False,likely to work,present,Target compatibility verified.,known resistance gene or DNA change detected,Research prototype only. Confirm with standard laboratory testing.
562.145013,Escherichia coli,ceftriaxone,0.7426675487246167,0.7426675487246167,likely to fail,False,False,likely to fail,present,Target compatibility verified.,known resistance gene or DNA change detected,Research prototype only. Confirm with standard laboratory testing.
562.145047,Escherichia coli,ceftriaxone,0.843628105669075,0.843628105669075,likely to fail,False,False,likely to fail,present,Target compatibility verified.,known resistance gene or DNA change detected,Research prototype only. Confirm with standard laboratory testing.
562.145404,Escherichia coli,ceftriaxone,0.00594475288099845,0.9940552471190015,likely to work,False,False,likely to work,present,Target compatibility verified.,known resistance gene or DNA change detected,Research prototype only. Confirm with standard laboratory testing.
562.23045,Escherichia coli,ceftriaxone,0.7060888316942455,0.7060888316942455,likely to fail,False,False,likely to fail,present,Target compatibility verified.,known resistance gene or DNA change detected,Research prototype only. Confirm with standard laboratory testing.
562.23124,Escherichia coli,ceftriaxone,0.9292211730113865,0.9292211730113865,likely to fail,False,False,likely to fail,present,Target compatibility verified.,known resistance gene or DNA change detected,Research prototype only. Confirm with standard laboratory testing.
562.23248,Escherichia coli,ceftriaxone,0.002411605763327572,0.9975883942366724,likely to work,False,False,likely to work,present,Target compatibility verified.,known resistance gene or DNA change detected,Research prototype only. Confirm with standard laboratory testing.
562.23367,Escherichia coli,ceftriaxone,3.325866476255167e-05,0.9999667413352374,likely to work,False,False,likely to work,present,Target compatibility verified.,known resistance gene or DNA change detected,Research prototype only. Confirm with standard laboratory testing.
562.23787,Escherichia coli,ceftriaxone,0.9310385205417883,0.9310385205417883,likely to fail,False,False,likely to fail,present,Target compatibility verified.,known resistance gene or DNA change detected,Research prototype only. Confirm with standard laboratory testing.
562.23793,Escherichia coli,ceftriaxone,0.005780161220056197,0.9942198387799438,likely to work,False,False,likely to work,present,Target compatibility verified.,known resistance gene or DNA change detected,Research prototype only. Confirm with standard laboratory testing.
562.42674,Escherichia coli,ceftriaxone,0.6666666691600464,0.6666666691600464,no-call,True,False,no-call,present,Model evidence was not strong enough.,known resistance gene or DNA change detected,Research prototype only. Confirm with standard laboratory testing.
562.42768,Escherichia coli,ceftriaxone,1.8045877536075053e-05,0.9999819541224639,likely to work,False,False,likely to work,present,Target compatibility verified.,known resistance gene or DNA change detected,Research prototype only. Confirm with standard laboratory testing.
562.42845,Escherichia coli,ceftriaxone,0.9292211730113865,0.9292211730113865,likely to fail,False,False,likely to fail,present,Target compatibility verified.,known resistance gene or DNA change detected,Research prototype only. Confirm with standard laboratory testing.
562.45593,Escherichia coli,ceftriaxone,0.05599404171625639,0.9440059582837436,likely to work,False,False,likely to work,present,Target compatibility verified.,known resistance gene or DNA change detected,Research prototype only. Confirm with standard laboratory testing.
562.45652,Escherichia coli,ceftriaxone,0.08520902385257843,0.9147909761474216,likely to work,False,False,likely to work,present,Target compatibility verified.,known resistance gene or DNA change detected,Research prototype only. Confirm with standard laboratory testing.
562.50297,Escherichia coli,ceftriaxone,0.001038506444251399,0.9989614935557486,likely to work,False,False,likely to work,present,Target compatibility verified.,known resistance gene or DNA change detected,Research prototype only. Confirm with standard laboratory testing.
562.57480,Escherichia coli,ceftriaxone,0.00020937962101283725,0.9997906203789871,likely to work,False,False,likely to work,present,Target compatibility verified.,known resistance gene or DNA change detected,Research prototype only. Confirm with standard laboratory testing.
562.7727,Escherichia coli,ceftriaxone,0.33333332931720405,0.666666670682796,no-call,True,False,no-call,present,Model evidence was not strong enough.,known resistance gene or DNA change detected,Research prototype only. Confirm with standard laboratory testing.
562.7752,Escherichia coli,ceftriaxone,0.24895963087540682,0.7510403691245932,likely to work,False,False,likely to work,present,Target compatibility verified.,known resistance gene or DNA change detected,Research prototype only. Confirm with standard laboratory testing.
562.7779,Escherichia coli,ceftriaxone,0.5065592194301309,0.5065592194301309,no-call,True,False,no-call,present,Model evidence was not strong enough.,known resistance gene or DNA change detected,Research prototype only. Confirm with standard laboratory testing.
562.96636,Escherichia coli,ceftriaxone,0.4034236864791179,0.5965763135208821,no-call,True,False,no-call,present,Model evidence was not strong enough.,known resistance gene or DNA change detected,Research prototype only. Confirm with standard laboratory testing.
562.97209,Escherichia coli,ceftriaxone,0.7963756282808809,0.7963756282808809,likely to fail,False,False,likely to fail,present,Target compatibility verified.,known resistance gene or DNA change detected,Research prototype only. Confirm with standard laboratory testing.
562.97259,Escherichia coli,ceftriaxone,0.050643912174903605,0.9493560878250964,likely to work,False,False,likely to work,present,Target compatibility verified.,known resistance gene or DNA change detected,Research prototype only. Confirm with standard laboratory testing.
562.98666,Escherichia coli,ceftriaxone,0.13288510348030552,0.8671148965196944,likely to work,False,False,likely to work,present,Target compatibility verified.,known resistance gene or DNA change detected,Research prototype only. Confirm with standard laboratory testing.
562.98767,Escherichia coli,ceftriaxone,0.10050909446044366,0.8994909055395564,likely to work,False,False,likely to work,present,Target compatibility verified.,known resistance gene or DNA change detected,Research prototype only. Confirm with standard laboratory testing.
562.99359,Escherichia coli,ceftriaxone,0.019983057624387148,0.9800169423756129,likely to work,False,False,likely to work,present,Target compatibility verified.,known resistance gene or DNA change detected,Research prototype only. Confirm with standard laboratory testing.
562.100071,Escherichia coli,ciprofloxacin,0.12790418669812467,0.8720958133018754,likely to work,False,False,likely to work,present,Target compatibility verified.,known resistance gene or DNA change detected,Research prototype only. Confirm with standard laboratory testing.
562.100418,Escherichia coli,ciprofloxacin,0.11396748568493167,0.8860325143150684,likely to work,False,False,likely to work,present,Target compatibility verified.,known resistance gene or DNA change detected,Research prototype only. Confirm with standard laboratory testing.
562.100759,Escherichia coli,ciprofloxacin,0.15930705398129508,0.8406929460187049,likely to work,False,False,likely to work,present,Target compatibility verified.,known resistance gene or DNA change detected,Research prototype only. Confirm with standard laboratory testing.
562.140852,Escherichia coli,ciprofloxacin,0.5455510418908007,0.5455510418908007,no-call,True,False,no-call,present,Model evidence was not strong enough.,known resistance gene or DNA change detected,Research prototype only. Confirm with standard laboratory testing.
562.144308,Escherichia coli,ciprofloxacin,0.20074334544685252,0.7992566545531474,likely to work,False,False,likely to work,present,Target compatibility verified.,known resistance gene or DNA change detected,Research prototype only. Confirm with standard laboratory testing.
562.145013,Escherichia coli,ciprofloxacin,0.1384559434331297,0.8615440565668703,likely to work,False,False,likely to work,present,Target compatibility verified.,known resistance gene or DNA change detected,Research prototype only. Confirm with standard laboratory testing.
562.145047,Escherichia coli,ciprofloxacin,0.14675429830127748,0.8532457016987225,likely to work,False,False,likely to work,present,Target compatibility verified.,known resistance gene or DNA change detected,Research prototype only. Confirm with standard laboratory testing.
562.145404,Escherichia coli,ciprofloxacin,0.22546236260711403,0.774537637392886,likely to work,False,False,likely to work,present,Target compatibility verified.,known resistance gene or DNA change detected,Research prototype only. Confirm with standard laboratory testing.
562.23045,Escherichia coli,ciprofloxacin,0.15266618669751175,0.8473338133024882,likely to work,False,False,likely to work,present,Target compatibility verified.,known resistance gene or DNA change detected,Research prototype only. Confirm with standard laboratory testing.
562.23124,Escherichia coli,ciprofloxacin,0.12366009773613897,0.876339902263861,likely to work,False,False,likely to work,present,Target compatibility verified.,known resistance gene or DNA change detected,Research prototype only. Confirm with standard laboratory testing.
562.23248,Escherichia coli,ciprofloxacin,0.46884099578392163,0.5311590042160783,no-call,True,False,no-call,present,Model evidence was not strong enough.,known resistance gene or DNA change detected,Research prototype only. Confirm with standard laboratory testing.
562.23367,Escherichia coli,ciprofloxacin,0.6459721250754148,0.6459721250754148,no-call,True,False,no-call,present,Model evidence was not strong enough.,known resistance gene or DNA change detected,Research prototype only. Confirm with standard laboratory testing.
562.23787,Escherichia coli,ciprofloxacin,0.12894883103395807,0.871051168966042,likely to work,False,False,likely to work,present,Target compatibility verified.,known resistance gene or DNA change detected,Research prototype only. Confirm with standard laboratory testing.
562.23793,Escherichia coli,ciprofloxacin,0.2983659361712278,0.7016340638287721,likely to work,False,False,likely to work,present,Target compatibility verified.,known resistance gene or DNA change detected,Research prototype only. Confirm with standard laboratory testing.
562.42674,Escherichia coli,ciprofloxacin,0.14658514598715713,0.8534148540128429,likely to work,False,False,likely to work,present,Target compatibility verified.,known resistance gene or DNA change detected,Research prototype only. Confirm with standard laboratory testing.
562.42768,Escherichia coli,ciprofloxacin,0.6503027187522362,0.6503027187522362,no-call,True,False,no-call,present,Model evidence was not strong enough.,known resistance gene or DNA change detected,Research prototype only. Confirm with standard laboratory testing.
562.42845,Escherichia coli,ciprofloxacin,0.12366009773613897,0.876339902263861,likely to work,False,False,likely to work,present,Target compatibility verified.,known resistance gene or DNA change detected,Research prototype only. Confirm with standard laboratory testing.
562.45593,Escherichia coli,ciprofloxacin,0.3694274949694065,0.6305725050305935,no-call,True,False,no-call,present,Model evidence was not strong enough.,known resistance gene or DNA change detected,Research prototype only. Confirm with standard laboratory testing.
562.45652,Escherichia coli,ciprofloxacin,0.2724749507348389,0.727525049265161,likely to work,False,False,likely to work,present,Target compatibility verified.,known resistance gene or DNA change detected,Research prototype only. Confirm with standard laboratory testing.
562.50297,Escherichia coli,ciprofloxacin,0.5655362524932268,0.5655362524932268,no-call,True,False,no-call,present,Model evidence was not strong enough.,known resistance gene or DNA change detected,Research prototype only. Confirm with standard laboratory testing.
562.57480,Escherichia coli,ciprofloxacin,0.5898481071879252,0.5898481071879252,no-call,True,False,no-call,present,Model evidence was not strong enough.,known resistance gene or DNA change detected,Research prototype only. Confirm with standard laboratory testing.
562.7727,Escherichia coli,ciprofloxacin,0.1760570994323074,0.8239429005676926,likely to work,False,False,likely to work,present,Target compatibility verified.,known resistance gene or DNA change detected,Research prototype only. Confirm with standard laboratory testing.
562.7752,Escherichia coli,ciprofloxacin,0.1789991461808137,0.8210008538191863,likely to work,False,False,likely to work,present,Target compatibility verified.,known resistance gene or DNA change detected,Research prototype only. Confirm with standard laboratory testing.
562.7779,Escherichia coli,ciprofloxacin,0.16778918201817794,0.8322108179818221,likely to work,False,False,likely to work,present,Target compatibility verified.,known resistance gene or DNA change detected,Research prototype only. Confirm with standard laboratory testing.
562.96636,Escherichia coli,ciprofloxacin,0.17714855145616326,0.8228514485438367,likely to work,False,False,likely to work,present,Target compatibility verified.,known resistance gene or DNA change detected,Research prototype only. Confirm with standard laboratory testing.
562.97209,Escherichia coli,ciprofloxacin,0.15263223360539782,0.8473677663946022,likely to work,False,False,likely to work,present,Target compatibility verified.,known resistance gene or DNA change detected,Research prototype only. Confirm with standard laboratory testing.
562.97259,Escherichia coli,ciprofloxacin,0.4000048687090769,0.5999951312909231,no-call,True,False,no-call,present,Model evidence was not strong enough.,known resistance gene or DNA change detected,Research prototype only. Confirm with standard laboratory testing.
562.98666,Escherichia coli,ciprofloxacin,0.2217873002912717,0.7782126997087283,likely to work,False,False,likely to work,present,Target compatibility verified.,known resistance gene or DNA change detected,Research prototype only. Confirm with standard laboratory testing.
562.98767,Escherichia coli,ciprofloxacin,0.20889917369207908,0.7911008263079209,likely to work,False,False,likely to work,present,Target compatibility verified.,known resistance gene or DNA change detected,Research prototype only. Confirm with standard laboratory testing.
562.99359,Escherichia coli,ciprofloxacin,0.24301306169766843,0.7569869383023315,likely to work,False,False,likely to work,present,Target compatibility verified.,known resistance gene or DNA change detected,Research prototype only. Confirm with standard laboratory testing.
