genome_id,genome_name,taxon_id,antibiotic,label,resistant_phenotype,measurement,measurement_value,measurement_unit,measurement_sign,evidence,laboratory_typing_method,laboratory_typing_platform
562.58704,Escherichia coli strain 14037824,562,ampicillin,resistant,Resistant,128,128.0,mg/L,,Laboratory Method,Broth dilution,
562.58706,Escherichia coli strain 14043377,562,ampicillin,resistant,Resistant,>64,64.0,mg/L,>,Laboratory Method,Broth dilution,
562.58707,Escherichia coli strain 14043512,562,ampicillin,resistant,Resistant,128,128.0,mg/L,,Laboratory Method,Broth dilution,
562.58709,Escherichia coli strain 14045775,562,ampicillin,resistant,Resistant,>64,64.0,mg/L,>,Laboratory Method,Broth dilution,
562.58712,Escherichia coli strain 14053473,562,ampicillin,resistant,Resistant,64,64.0,mg/L,,Laboratory Method,Broth dilution,
562.58714,Escherichia coli strain 14047606,562,ampicillin,resistant,Resistant,64,64.0,mg/L,,Laboratory Method,Broth dilution,
562.58715,Escherichia coli strain 14050800,562,ampicillin,resistant,Resistant,128,128.0,mg/L,,Laboratory Method,Broth dilution,
562.58716,Escherichia coli strain 14057877,562,ampicillin,resistant,Resistant,64,64.0,mg/L,,Laboratory Method,Broth dilution,
562.58718,Escherichia coli strain 14062120,562,ampicillin,resistant,Resistant,128,128.0,mg/L,,Laboratory Method,Broth dilution,
562.58721,Escherichia coli strain 14066715,562,ampicillin,resistant,Resistant,128,128.0,mg/L,,Laboratory Method,Broth dilution,
562.58725,Escherichia coli strain 14091902,562,ampicillin,resistant,Resistant,128,128.0,mg/L,,Laboratory Method,Broth dilution,
562.58726,Escherichia coli strain 14085180,562,ampicillin,resistant,Resistant,64,64.0,mg/L,,Laboratory Method,Broth dilution,
562.58727,Escherichia coli strain 14083136,562,ampicillin,resistant,Resistant,64,64.0,mg/L,,Laboratory Method,Broth dilution,
562.58728,Escherichia coli strain 14087995,562,ampicillin,resistant,Resistant,128,128.0,mg/L,,Laboratory Method,Broth dilution,
562.58732,Escherichia coli strain 15051805,562,ampicillin,resistant,Resistant,128,128.0,mg/L,,Laboratory Method,Broth dilution,
562.58733,Escherichia coli strain 15050011,562,ampicillin,resistant,Resistant,128,128.0,mg/L,,Laboratory Method,Broth dilution,
562.58734,Escherichia coli strain 15054212,562,ampicillin,resistant,Resistant,128,128.0,mg/L,,Laboratory Method,Broth dilution,
562.58736,Escherichia coli strain 15062645,562,ampicillin,resistant,Resistant,128,128.0,mg/L,,Laboratory Method,Broth dilution,
562.65781,Escherichia coli strain CFS0344,562,ampicillin,resistant,Resistant,,,,,Laboratory Method,,
562.65783,Escherichia coli strain CFS0348,562,ampicillin,resistant,Resistant,,,,,Laboratory Method,,
562.65784,Escherichia coli strain CFS0349,562,ampicillin,resistant,Resistant,,,,,Laboratory Method,,
562.65785,Escherichia coli strain CFS0345,562,ampicillin,resistant,Resistant,,,,,Laboratory Method,,
562.65786,Escherichia coli strain CFS0347,562,ampicillin,resistant,Resistant,,,,,Laboratory Method,,
562.65787,Escherichia coli strain CFS0354,562,ampicillin,resistant,Resistant,,,,,Laboratory Method,,
562.65788,Escherichia coli strain CFS0359,562,ampicillin,resistant,Resistant,,,,,Laboratory Method,,
562.65789,Escherichia coli strain CFS0355,562,ampicillin,resistant,Resistant,,,,,Laboratory Method,,
562.65791,Escherichia coli strain CFS0360,562,ampicillin,resistant,Resistant,,,,,Laboratory Method,,
562.65796,Escherichia coli strain 123074,562,ampicillin,resistant,Resistant,,,,,Laboratory Method,,
562.65799,Escherichia coli strain E006910,562,ampicillin,resistant,Resistant,,,,,Laboratory Method,,
562.65801,Escherichia coli strain R37,562,ampicillin,resistant,Resistant,,,,,Laboratory Method,,
562.65802,Escherichia coli strain R61a,562,ampicillin,resistant,Resistant,,,,,Laboratory Method,,
562.65803,Escherichia coli strain R107,562,ampicillin,resistant,Resistant,,,,,Laboratory Method,,
562.65804,Escherichia coli strain R208,562,ampicillin,resistant,Resistant,,,,,Laboratory Method,,
562.65805,Escherichia coli strain R299,562,ampicillin,resistant,Resistant,,,,,Laboratory Method,,
562.65806,Escherichia coli strain R392,562,ampicillin,resistant,Resistant,,,,,Laboratory Method,,
562.65807,Escherichia coli strain R423,562,ampicillin,resistant,Resistant,,,,,Laboratory Method,,
562.65808,Escherichia coli strain R432,562,ampicillin,resistant,Resistant,,,,,Laboratory Method,,
562.65809,Escherichia coli strain RS119,562,ampicillin,resistant,Resistant,,,,,Laboratory Method,,
562.65811,Escherichia coli strain RS254,562,ampicillin,resistant,Resistant,,,,,Laboratory Method,,
562.65812,Escherichia coli strain RS288,562,ampicillin,resistant,Resistant,,,,,Laboratory Method,,
562.65813,Escherichia coli strain RS333,562,ampicillin,resistant,Resistant,,,,,Laboratory Method,,
562.65814,Escherichia coli strain V139,562,ampicillin,resistant,Resistant,,,,,Laboratory Method,,
562.65815,Escherichia coli strain RS334,562,ampicillin,resistant,Resistant,,,,,Laboratory Method,,
562.65816,Escherichia coli strain V210,562,ampicillin,resistant,Resistant,,,,,Laboratory Method,,
562.65817,Escherichia coli strain V177,562,ampicillin,resistant,Resistant,,,,,Laboratory Method,,
562.65818,Escherichia coli strain RS371,562,ampicillin,resistant,Resistant,,,,,Laboratory Method,,
562.65819,Escherichia coli strain V161,562,ampicillin,resistant,Resistant,,,,,Laboratory Method,,
562.58704,Escherichia coli strain 14037824,562,cefotaxime,susceptible,Susceptible,0.25,0.25,mg/L,,Laboratory Method,Broth dilution,
562.58705,Escherichia coli strain 14040376,562,cefotaxime,susceptible,Susceptible,0.25,0.25,mg/L,,Laboratory Method,Broth dilution,
562.58706,Escherichia coli strain 14043377,562,cefotaxime,resistant,Resistant,4,4.0,mg/L,,Laboratory Method,Broth dilution,
562.58707,Escherichia coli strain 14043512,562,cefotaxime,susceptible,Susceptible,0.25,0.25,mg/L,,Laboratory Method,Broth dilution,
562.58709,Escherichia coli strain 14045775,562,cefotaxime,resistant,Resistant,4,4.0,mg/L,,Laboratory Method,Broth dilution,
562.58712,Escherichia coli strain 14053473,562,cefotaxime,resistant,Resistant,>4,4.0,mg/L,>,Laboratory Method,Broth dilution,
562.58714,Escherichia coli strain 14047606,562,cefotaxime,resistant,Resistant,>4,4.0,mg/L,>,Laboratory Method,Broth dilution,
562.58715,Escherichia coli strain 14050800,562,cefotaxime,susceptible,Susceptible,0.25,0.25,mg/L,,Laboratory Method,Broth dilution,
562.58716,Escherichia coli strain 14057877,562,cefotaxime,resistant,Resistant,2,2.0,mg/L,,Laboratory Method,Broth dilution,
562.58718,Escherichia coli strain 14062120,562,cefotaxime,susceptible,Susceptible,0.25,0.25,mg/L,,Laboratory Method,Broth dilution,
562.58719,Escherichia coli strain 14062104,562,cefotaxime,resistant,Resistant,1,1.0,mg/L,,Laboratory Method,Broth dilution,
562.58721,Escherichia coli strain 14066715,562,cefotaxime,susceptible,Susceptible,0.25,0.25,mg/L,,Laboratory Method,Broth dilution,
562.58723,Escherichia coli strain 14069546,562,cefotaxime,susceptible,Susceptible,0.25,0.25,mg/L,,Laboratory Method,Broth dilution,
562.58725,Escherichia coli strain 14091902,562,cefotaxime,susceptible,Susceptible,0.25,0.25,mg/L,,Laboratory Method,Broth dilution,
562.58726,Escherichia coli strain 14085180,562,cefotaxime,resistant,Resistant,>4,4.0,mg/L,>,Laboratory Method,Broth dilution,
562.58727,Escherichia coli strain 14083136,562,cefotaxime,susceptible,Susceptible,0.25,0.25,mg/L,,Laboratory Method,Broth dilution,
562.58728,Escherichia coli strain 14087995,562,cefotaxime,susceptible,Susceptible,0.25,0.25,mg/L,,Laboratory Method,Broth dilution,
562.58732,Escherichia coli strain 15051805,562,cefotaxime,resistant,Resistant,8,8.0,mg/L,,Laboratory Method,Broth dilution,
562.58733,Escherichia coli strain 15050011,562,cefotaxime,susceptible,Susceptible,0.25,0.25,mg/L,,Laboratory Method,Broth dilution,
562.58734,Escherichia coli strain 15054212,562,cefotaxime,resistant,Resistant,8,8.0,mg/L,,Laboratory Method,Broth dilution,
562.58736,Escherichia coli strain 15062645,562,cefotaxime,resistant,Resistant,8,8.0,mg/L,,Laboratory Method,Broth dilution,
562.65781,Escherichia coli strain CFS0344,562,cefotaxime,susceptible,Susceptible,,,,,Laboratory Method,,
562.65783,Escherichia coli strain CFS0348,562,cefotaxime,susceptible,Susceptible,,,,,Laboratory Method,,
562.65784,Escherichia coli strain CFS0349,562,cefotaxime,susceptible,Susceptible,,,,,Laboratory Method,,
562.65785,Escherichia coli strain CFS0345,562,cefotaxime,susceptible,Susceptible,,,,,Laboratory Method,,
562.65786,Escherichia coli strain CFS0347,562,cefotaxime,resistant,Resistant,,,,,Laboratory Method,,
562.65787,Escherichia coli strain CFS0354,562,cefotaxime,susceptible,Susceptible,,,,,Laboratory Method,,
562.65788,Escherichia coli strain CFS0359,562,cefotaxime,susceptible,Susceptible,,,,,Laboratory Method,,
562.65789,Escherichia coli strain CFS0355,562,cefotaxime,susceptible,Susceptible,,,,,Laboratory Method,,
562.65791,Escherichia coli strain CFS0360,562,cefotaxime,susceptible,Susceptible,,,,,Laboratory Method,,
562.65796,Escherichia coli strain 123074,562,cefotaxime,resistant,Resistant,,,,,Laboratory Method,,
562.65799,Escherichia coli strain E006910,562,cefotaxime,resistant,Resistant,,,,,Laboratory Method,,
562.65801,Escherichia coli strain R37,562,cefotaxime,resistant,Resistant,,,,,Laboratory Method,,
562.65802,Escherichia coli strain R61a,562,cefotaxime,resistant,Resistant,,,,,Laboratory Method,,
562.65803,Escherichia coli strain R107,562,cefotaxime,resistant,Resistant,,,,,Laboratory Method,,
562.65804,Escherichia coli strain R208,562,cefotaxime,resistant,Resistant,,,,,Laboratory Method,,
562.65805,Escherichia coli strain R299,562,cefotaxime,resistant,Resistant,,,,,Laboratory Method,,
562.65806,Escherichia coli strain R392,562,cefotaxime,resistant,Resistant,,,,,Laboratory Method,,
562.65807,Escherichia coli strain R423,562,cefotaxime,resistant,Resistant,,,,,Laboratory Method,,
562.65808,Escherichia coli strain R432,562,cefotaxime,resistant,Resistant,,,,,Laboratory Method,,
562.65809,Escherichia coli strain RS119,562,cefotaxime,resistant,Resistant,,,,,Laboratory Method,,
562.65811,Escherichia coli strain RS254,562,cefotaxime,resistant,Resistant,,,,,Laboratory Method,,
562.65812,Escherichia coli strain RS288,562,cefotaxime,resistant,Resistant,,,,,Laboratory Method,,
562.65813,Escherichia coli strain RS333,562,cefotaxime,resistant,Resistant,,,,,Laboratory Method,,
562.65814,Escherichia coli strain V139,562,cefotaxime,resistant,Resistant,,,,,Laboratory Method,,
562.65815,Escherichia coli strain RS334,562,cefotaxime,resistant,Resistant,,,,,Laboratory Method,,
562.65816,Escherichia coli strain V210,562,cefotaxime,resistant,Resistant,,,,,Laboratory Method,,
562.65817,Escherichia coli strain V177,562,cefotaxime,resistant,Resistant,,,,,Laboratory Method,,
562.65818,Escherichia coli strain RS371,562,cefotaxime,resistant,Resistant,,,,,Laboratory Method,,
562.65819,Escherichia coli strain V161,562,cefotaxime,resistant,Resistant,,,,,Laboratory Method,,
562.58704,Escherichia coli strain 14037824,562,chloramphenicol,resistant,Resistant,128,128.0,mg/L,,Laboratory Method,Broth dilution,
562.58705,Escherichia coli strain 14040376,562,chloramphenicol,resistant,Resistant,256,256.0,mg/L,,Laboratory Method,Broth dilution,
562.58706,Escherichia coli strain 14043377,562,chloramphenicol,susceptible,Susceptible,8,8.0,mg/L,,Laboratory Method,Broth dilution,
562.58707,Escherichia coli strain 14043512,562,chloramphenicol,susceptible,Susceptible,8,8.0,mg/L,,Laboratory Method,Broth dilution,
562.58709,Escherichia coli strain 14045775,562,chloramphenicol,resistant,Resistant,>128,128.0,mg/L,>,Laboratory Method,Broth dilution,
562.58712,Escherichia coli strain 14053473,562,chloramphenicol,resistant,Resistant,128,128.0,mg/L,,Laboratory Method,Broth dilution,
562.58714,Escherichia coli strain 14047606,562,chloramphenicol,resistant,Resistant,>128,128.0,mg/L,>,Laboratory Method,Broth dilution,
562.58715,Escherichia coli strain 14050800,562,chloramphenicol,susceptible,Susceptible,8,8.0,mg/L,,Laboratory Method,Broth dilution,
562.58716,Escherichia coli strain 14057877,562,chloramphenicol,resistant,Resistant,>128,128.0,mg/L,>,Laboratory Method,Broth dilution,
562.58718,Escherichia coli strain 14062120,562,chloramphenicol,resistant,Resistant,256,256.0,mg/L,,Laboratory Method,Broth dilution,
562.58719,Escherichia coli strain 14062104,562,chloramphenicol,susceptible,Susceptible,8,8.0,mg/L,,Laboratory Method,Broth dilution,
562.58721,Escherichia coli strain 14066715,562,chloramphenicol,resistant,Resistant,256,256.0,mg/L,,Laboratory Method,Broth dilution,
562.58723,Escherichia coli strain 14069546,562,chloramphenicol,resistant,Resistant,256,256.0,mg/L,,Laboratory Method,Broth dilution,
562.58725,Escherichia coli strain 14091902,562,chloramphenicol,susceptible,Susceptible,8,8.0,mg/L,,Laboratory Method,Broth dilution,
562.58726,Escherichia coli strain 14085180,562,chloramphenicol,resistant,Resistant,128,128.0,mg/L,,Laboratory Method,Broth dilution,
562.58727,Escherichia coli strain 14083136,562,chloramphenicol,resistant,Resistant,>128,128.0,mg/L,>,Laboratory Method,Broth dilution,
562.58728,Escherichia coli strain 14087995,562,chloramphenicol,resistant,Resistant,256,256.0,mg/L,,Laboratory Method,Broth dilution,
562.58732,Escherichia coli strain 15051805,562,chloramphenicol,resistant,Resistant,128,128.0,mg/L,,Laboratory Method,Broth dilution,
562.58733,Escherichia coli strain 15050011,562,chloramphenicol,resistant,Resistant,256,256.0,mg/L,,Laboratory Method,Broth dilution,
562.58734,Escherichia coli strain 15054212,562,chloramphenicol,resistant,Resistant,256,256.0,mg/L,,Laboratory Method,Broth dilution,
562.58736,Escherichia coli strain 15062645,562,chloramphenicol,resistant,Resistant,256,256.0,mg/L,,Laboratory Method,Broth dilution,
562.65781,Escherichia coli strain CFS0344,562,chloramphenicol,resistant,Resistant,,,,,Laboratory Method,,
562.65783,Escherichia coli strain CFS0348,562,chloramphenicol,resistant,Resistant,,,,,Laboratory Method,,
562.65784,Escherichia coli strain CFS0349,562,chloramphenicol,resistant,Resistant,,,,,Laboratory Method,,
562.65785,Escherichia coli strain CFS0345,562,chloramphenicol,resistant,Resistant,,,,,Laboratory Method,,
562.65786,Escherichia coli strain CFS0347,562,chloramphenicol,resistant,Resistant,,,,,Laboratory Method,,
562.65787,Escherichia coli strain CFS0354,562,chloramphenicol,resistant,Resistant,,,,,Laboratory Method,,
562.65788,Escherichia coli strain CFS0359,562,chloramphenicol,resistant,Resistant,,,,,Laboratory Method,,
562.65789,Escherichia coli strain CFS0355,562,chloramphenicol,susceptible,Susceptible,,,,,Laboratory Method,,
562.65791,Escherichia coli strain CFS0360,562,chloramphenicol,resistant,Resistant,,,,,Laboratory Method,,
562.65796,Escherichia coli strain 123074,562,chloramphenicol,resistant,Resistant,,,,,Laboratory Method,,
562.65799,Escherichia coli strain E006910,562,chloramphenicol,susceptible,Susceptible,,,,,Laboratory Method,,
562.65801,Escherichia coli strain R37,562,chloramphenicol,susceptible,Susceptible,,,,,Laboratory Method,,
562.65802,Escherichia coli strain R61a,562,chloramphenicol,resistant,Resistant,,,,,Laboratory Method,,
562.65803,Escherichia coli strain R107,562,chloramphenicol,susceptible,Susceptible,,,,,Laboratory Method,,
562.65804,Escherichia coli strain R208,562,chloramphenicol,susceptible,Susceptible,,,,,Laboratory Method,,
562.65805,Escherichia coli strain R299,562,chloramphenicol,resistant,Resistant,,,,,Laboratory Method,,
562.65806,Escherichia coli strain R392,562,chloramphenicol,resistant,Resistant,,,,,Laboratory Method,,
562.65807,Escherichia coli strain R423,562,chloramphenicol,resistant,Resistant,,,,,Laboratory Method,,
562.65808,Escherichia coli strain R432,562,chloramphenicol,resistant,Resistant,,,,,Laboratory Method,,
562.65809,Escherichia coli strain RS119,562,chloramphenicol,resistant,Resistant,,,,,Laboratory Method,,
562.65811,Escherichia coli strain RS254,562,chloramphenicol,resistant,Resistant,,,,,Laboratory Method,,
562.65812,Escherichia coli strain RS288,562,chloramphenicol,resistant,Resistant,,,,,Laboratory Method,,
562.65813,Escherichia coli strain RS333,562,chloramphenicol,resistant,Resistant,,,,,Laboratory Method,,
562.65814,Escherichia coli strain V139,562,chloramphenicol,resistant,Resistant,,,,,Laboratory Method,,
562.65815,Escherichia coli strain RS334,562,chloramphenicol,resistant,Resistant,,,,,Laboratory Method,,
562.65816,Escherichia coli strain V210,562,chloramphenicol,resistant,Resistant,,,,,Laboratory Method,,
562.65817,Escherichia coli strain V177,562,chloramphenicol,resistant,Resistant,,,,,Laboratory Method,,
562.65818,Escherichia coli strain RS371,562,chloramphenicol,resistant,Resistant,,,,,Laboratory Method,,
562.65819,Escherichia coli strain V161,562,chloramphenicol,resistant,Resistant,,,,,Laboratory Method,,
562.58704,Escherichia coli strain 14037824,562,gentamicin,resistant,Resistant,32,32.0,mg/L,,Laboratory Method,Broth dilution,
562.58705,Escherichia coli strain 14040376,562,gentamicin,susceptible,Susceptible,1,1.0,mg/L,,Laboratory Method,Broth dilution,
562.58709,Escherichia coli strain 14045775,562,gentamicin,susceptible,Susceptible,0.5,0.5,mg/L,,Laboratory Method,Broth dilution,
562.58712,Escherichia coli strain 14053473,562,gentamicin,susceptible,Susceptible,0.5,0.5,mg/L,,Laboratory Method,Broth dilution,
562.58714,Escherichia coli strain 14047606,562,gentamicin,susceptible,Susceptible,0.5,0.5,mg/L,,Laboratory Method,Broth dilution,
562.58715,Escherichia coli strain 14050800,562,gentamicin,susceptible,Susceptible,0.5,0.5,mg/L,,Laboratory Method,Broth dilution,
562.58716,Escherichia coli strain 14057877,562,gentamicin,susceptible,Susceptible,2,2.0,mg/L,,Laboratory Method,Broth dilution,
562.58718,Escherichia coli strain 14062120,562,gentamicin,resistant,Resistant,64,64.0,mg/L,,Laboratory Method,Broth dilution,
562.58719,Escherichia coli strain 14062104,562,gentamicin,susceptible,Susceptible,0.5,0.5,mg/L,,Laboratory Method,Broth dilution,
562.58721,Escherichia coli strain 14066715,562,gentamicin,resistant,Resistant,64,64.0,mg/L,,Laboratory Method,Broth dilution,
562.58723,Escherichia coli strain 14069546,562,gentamicin,susceptible,Susceptible,2,2.0,mg/L,,Laboratory Method,Broth dilution,
562.58725,Escherichia coli strain 14091902,562,gentamicin,resistant,Resistant,64,64.0,mg/L,,Laboratory Method,Broth dilution,
562.58726,Escherichia coli strain 14085180,562,gentamicin,susceptible,Susceptible,0.5,0.5,mg/L,,Laboratory Method,Broth dilution,
562.58727,Escherichia coli strain 14083136,562,gentamicin,resistant,Resistant,4,4.0,mg/L,,Laboratory Method,Broth dilution,
562.58728,Escherichia coli strain 14087995,562,gentamicin,susceptible,Susceptible,1,1.0,mg/L,,Laboratory Method,Broth dilution,
562.58732,Escherichia coli strain 15051805,562,gentamicin,resistant,Resistant,32,32.0,mg/L,,Laboratory Method,Broth dilution,
562.58733,Escherichia coli strain 15050011,562,gentamicin,resistant,Resistant,64,64.0,mg/L,,Laboratory Method,Broth dilution,
562.58734,Escherichia coli strain 15054212,562,gentamicin,resistant,Resistant,32,32.0,mg/L,,Laboratory Method,Broth dilution,
562.58736,Escherichia coli strain 15062645,562,gentamicin,resistant,Resistant,64,64.0,mg/L,,Laboratory Method,Broth dilution,
562.65781,Escherichia coli strain CFS0344,562,gentamicin,resistant,Resistant,,,,,Laboratory Method,,
562.65783,Escherichia coli strain CFS0348,562,gentamicin,resistant,Resistant,,,,,Laboratory Method,,
562.65784,Escherichia coli strain CFS0349,562,gentamicin,susceptible,Susceptible,,,,,Laboratory Method,,
562.65785,Escherichia coli strain CFS0345,562,gentamicin,resistant,Resistant,,,,,Laboratory Method,,
562.65786,Escherichia coli strain CFS0347,562,gentamicin,resistant,Resistant,,,,,Laboratory Method,,
562.65787,Escherichia coli strain CFS0354,562,gentamicin,susceptible,Susceptible,,,,,Laboratory Method,,
562.65788,Escherichia coli strain CFS0359,562,gentamicin,susceptible,Susceptible,,,,,Laboratory Method,,
562.65789,Escherichia coli strain CFS0355,562,gentamicin,resistant,Resistant,,,,,Laboratory Method,,
562.65791,Escherichia coli strain CFS0360,562,gentamicin,susceptible,Susceptible,,,,,Laboratory Method,,
562.65796,Escherichia coli strain 123074,562,gentamicin,resistant,Resistant,,,,,Laboratory Method,,
562.65799,Escherichia coli strain E006910,562,gentamicin,susceptible,Susceptible,,,,,Laboratory Method,,
562.65801,Escherichia coli strain R37,562,gentamicin,susceptible,Susceptible,,,,,Laboratory Method,,
562.65802,Escherichia coli strain R61a,562,gentamicin,resistant,Resistant,,,,,Laboratory Method,,
562.65803,Escherichia coli strain R107,562,gentamicin,susceptible,Susceptible,,,,,Laboratory Method,,
562.65804,Escherichia coli strain R208,562,gentamicin,susceptible,Susceptible,,,,,Laboratory Method,,
562.65805,Escherichia coli strain R299,562,gentamicin,resistant,Resistant,,,,,Laboratory Method,,
562.65806,Escherichia coli strain R392,562,gentamicin,resistant,Resistant,,,,,Laboratory Method,,
562.65807,Escherichia coli strain R423,562,gentamicin,resistant,Resistant,,,,,Laboratory Method,,
562.65808,Escherichia coli strain R432,562,gentamicin,resistant,Resistant,,,,,Laboratory Method,,
562.65809,Escherichia coli strain RS119,562,gentamicin,resistant,Resistant,,,,,Laboratory Method,,
562.65811,Escherichia coli strain RS254,562,gentamicin,resistant,Resistant,,,,,Laboratory Method,,
562.65812,Escherichia coli strain RS288,562,gentamicin,resistant,Resistant,,,,,Laboratory Method,,
562.65813,Escherichia coli strain RS333,562,gentamicin,susceptible,Susceptible,,,,,Laboratory Method,,
562.65814,Escherichia coli strain V139,562,gentamicin,susceptible,Susceptible,,,,,Laboratory Method,,
562.65815,Escherichia coli strain RS334,562,gentamicin,resistant,Resistant,,,,,Laboratory Method,,
562.65816,Escherichia coli strain V210,562,gentamicin,resistant,Resistant,,,,,Laboratory Method,,
562.65817,Escherichia coli strain V177,562,gentamicin,susceptible,Susceptible,,,,,Laboratory Method,,
562.65818,Escherichia coli strain RS371,562,gentamicin,resistant,Resistant,,,,,Laboratory Method,,
562.65819,Escherichia coli strain V161,562,gentamicin,susceptible,Susceptible,,,,,Laboratory Method,,
